task_type,steps,threshold,corruption_rate,diffusion_bleu,baseline_bleu,bleu_delta,diffusion_rouge1,baseline_rouge1,rouge1_delta,final_masked_tokens,final_mean_confidence
denoising,1,0.5,0.1,0.2712,0.3101,-0.0389,0.3381,0.3741,-0.036,6.0,0.698
denoising,1,0.5,0.3,0.2653,0.2776,-0.0123,0.3005,0.3356,-0.0351,17.0,0.655
denoising,1,0.5,0.5,0.2168,0.1937,0.0231,0.2842,0.2732,0.0109,38.0,0.5156
denoising,1,0.5,0.6,0.1693,0.1796,-0.0104,0.2208,0.2613,-0.0404,51.0,0.4666
denoising,3,0.5,0.1,0.4277,0.4197,0.0079,0.4412,0.4363,0.0048,3.0,0.7141
denoising,3,0.5,0.3,0.3262,0.3246,0.0017,0.3739,0.3771,-0.0032,12.0,0.6875
denoising,3,0.5,0.5,0.2586,0.2847,-0.0261,0.2948,0.3259,-0.0311,29.0,0.6092
denoising,3,0.5,0.6,0.2357,0.2392,-0.0035,0.2927,0.3019,-0.0092,37.0,0.5814
denoising,5,0.5,0.1,0.4092,0.4199,-0.0108,0.4262,0.4379,-0.0117,2.0,0.7115
denoising,5,0.5,0.3,0.3043,0.3098,-0.0055,0.3527,0.362,-0.0093,8.0,0.6877
denoising,5,0.5,0.5,0.2019,0.1908,0.0111,0.2712,0.2522,0.019,30.0,0.61
denoising,5,0.5,0.6,0.1782,0.1997,-0.0216,0.2251,0.2646,-0.0396,29.0,0.6211
denoising,10,0.5,0.1,0.3678,0.3603,0.0075,0.4059,0.4006,0.0053,1.0,0.7041
denoising,10,0.5,0.3,0.3408,0.336,0.0047,0.3858,0.3873,-0.0016,6.0,0.7052
denoising,10,0.5,0.5,0.2259,0.1995,0.0264,0.2666,0.2379,0.0287,23.0,0.6465
denoising,10,0.5,0.6,0.1869,0.1706,0.0163,0.2663,0.2584,0.0079,27.0,0.6288
denoising,15,0.5,0.1,0.3745,0.3661,0.0084,0.412,0.4079,0.0041,2.0,0.7027
denoising,15,0.5,0.3,0.3039,0.3058,-0.0019,0.3317,0.3709,-0.0392,9.0,0.6934
denoising,15,0.5,0.5,0.1961,0.2118,-0.0157,0.259,0.2719,-0.0129,23.0,0.6489
denoising,15,0.5,0.6,0.2033,0.1951,0.0082,0.2824,0.2886,-0.0062,21.0,0.6484
denoising,20,0.5,0.1,0.349,0.352,-0.003,0.3737,0.3958,-0.022,2.0,0.6948
denoising,20,0.5,0.3,0.2886,0.3044,-0.0158,0.3221,0.3542,-0.0321,5.0,0.7076
denoising,20,0.5,0.5,0.2602,0.2732,-0.013,0.3149,0.3378,-0.0228,26.0,0.6484
denoising,20,0.5,0.6,0.1765,0.2041,-0.0276,0.2493,0.2832,-0.0339,18.0,0.6618
denoising,25,0.5,0.1,0.3852,0.3134,0.0719,0.4154,0.3529,0.0625,1.0,0.6931
denoising,25,0.5,0.3,0.3307,0.3057,0.025,0.3811,0.3357,0.0453,4.0,0.7108
denoising,25,0.5,0.5,0.2187,0.2178,0.0009,0.2895,0.2943,-0.0048,6.0,0.7116
denoising,25,0.5,0.6,0.1889,0.1666,0.0223,0.256,0.2212,0.0348,16.0,0.6607
denoising,30,0.5,0.1,0.4143,0.3588,0.0555,0.4309,0.4029,0.028,1.0,0.7015
denoising,30,0.5,0.3,0.4269,0.418,0.0089,0.4381,0.4345,0.0036,2.0,0.7105
denoising,30,0.5,0.5,0.2402,0.2516,-0.0114,0.3156,0.318,-0.0025,12.0,0.6948
denoising,30,0.5,0.6,0.1636,0.1647,-0.0012,0.202,0.2039,-0.0018,32.0,0.594
denoising,1,0.6,0.1,0.3085,0.3554,-0.047,0.3583,0.3992,-0.0409,7.0,0.7075
denoising,1,0.6,0.3,0.2901,0.3289,-0.0388,0.3257,0.38,-0.0543,19.0,0.6418
denoising,1,0.6,0.5,0.2194,0.2393,-0.0199,0.2697,0.2921,-0.0224,38.0,0.5389
denoising,1,0.6,0.6,0.1652,0.177,-0.0117,0.237,0.2576,-0.0206,58.0,0.4464
denoising,3,0.6,0.1,0.3268,0.3764,-0.0496,0.3831,0.4121,-0.029,6.0,0.709
denoising,3,0.6,0.3,0.2827,0.2966,-0.0139,0.3317,0.3503,-0.0186,11.0,0.6773
denoising,3,0.6,0.5,0.2877,0.2894,-0.0018,0.3308,0.3441,-0.0132,26.0,0.6425
denoising,3,0.6,0.6,0.1996,0.211,-0.0114,0.2557,0.2924,-0.0367,46.0,0.5477
denoising,5,0.6,0.1,0.3593,0.3557,0.0035,0.4019,0.3982,0.0037,4.0,0.714
denoising,5,0.6,0.3,0.3333,0.3482,-0.0148,0.361,0.3966,-0.0356,6.0,0.7014
denoising,5,0.6,0.5,0.3156,0.2624,0.0533,0.36,0.3239,0.0361,24.0,0.6524
denoising,5,0.6,0.6,0.1855,0.1766,0.0089,0.2672,0.2644,0.0027,45.0,0.5602
denoising,10,0.6,0.1,0.2851,0.3153,-0.0302,0.3457,0.3744,-0.0287,2.0,0.6931
denoising,10,0.6,0.3,0.2846,0.3246,-0.04,0.3411,0.3796,-0.0385,12.0,0.688
denoising,10,0.6,0.5,0.2835,0.2848,-0.0013,0.303,0.326,-0.023,21.0,0.6337
denoising,10,0.6,0.6,0.204,0.1985,0.0056,0.2274,0.2296,-0.0022,33.0,0.6039
denoising,15,0.6,0.1,0.4069,0.4152,-0.0083,0.4204,0.4286,-0.0082,3.0,0.6959
denoising,15,0.6,0.3,0.343,0.3565,-0.0135,0.3758,0.3921,-0.0163,6.0,0.6965
denoising,15,0.6,0.5,0.2463,0.2473,-0.001,0.2889,0.302,-0.0131,25.0,0.6452
denoising,15,0.6,0.6,0.1847,0.2145,-0.0298,0.2597,0.2872,-0.0275,35.0,0.6003
denoising,20,0.6,0.1,0.3427,0.3558,-0.013,0.3697,0.4009,-0.0312,2.0,0.6976
denoising,20,0.6,0.3,0.3357,0.3523,-0.0166,0.3747,0.3938,-0.0191,10.0,0.688
denoising,20,0.6,0.5,0.2457,0.2572,-0.0115,0.3131,0.3279,-0.0148,24.0,0.6435
denoising,20,0.6,0.6,0.1971,0.1834,0.0137,0.2647,0.2701,-0.0054,31.0,0.5999
denoising,25,0.6,0.1,0.2891,0.3255,-0.0364,0.3503,0.3836,-0.0333,5.0,0.6996
denoising,25,0.6,0.3,0.3321,0.3365,-0.0045,0.3692,0.3797,-0.0105,9.0,0.682
denoising,25,0.6,0.5,0.2749,0.2842,-0.0093,0.3128,0.3423,-0.0296,17.0,0.6769
denoising,25,0.6,0.6,0.2075,0.2113,-0.0037,0.2912,0.2984,-0.0071,27.0,0.6349
denoising,30,0.6,0.1,0.4178,0.4151,0.0027,0.434,0.4323,0.0017,0.0,0.7077
denoising,30,0.6,0.3,0.3233,0.3335,-0.0102,0.3496,0.3793,-0.0297,17.0,0.689
denoising,30,0.6,0.5,0.2514,0.2585,-0.0071,0.3187,0.3198,-0.0011,22.0,0.6575
denoising,30,0.6,0.6,0.1725,0.1692,0.0033,0.2297,0.2395,-0.0097,25.0,0.6401
denoising,1,0.7,0.1,0.4263,0.4238,0.0026,0.4395,0.4382,0.0013,2.0,0.7349
denoising,1,0.7,0.3,0.242,0.3488,-0.1069,0.3107,0.3888,-0.0781,25.0,0.6231
denoising,1,0.7,0.5,0.2331,0.2879,-0.0548,0.2757,0.3285,-0.0528,44.0,0.5279
denoising,1,0.7,0.6,0.154,0.1893,-0.0353,0.2195,0.2834,-0.0639,63.0,0.4418
denoising,3,0.7,0.1,0.3494,0.3635,-0.0141,0.3723,0.4049,-0.0325,4.0,0.7027
denoising,3,0.7,0.3,0.3405,0.3612,-0.0207,0.3591,0.3849,-0.0257,13.0,0.7084
denoising,3,0.7,0.5,0.2626,0.3449,-0.0822,0.296,0.382,-0.086,28.0,0.6253
denoising,3,0.7,0.6,0.1682,0.1537,0.0145,0.2205,0.1957,0.0248,46.0,0.5482
denoising,5,0.7,0.1,0.3141,0.357,-0.0428,0.363,0.401,-0.0381,6.0,0.6951
denoising,5,0.7,0.3,0.2382,0.2655,-0.0273,0.3124,0.3198,-0.0073,15.0,0.6774
denoising,5,0.7,0.5,0.2604,0.2991,-0.0387,0.294,0.3599,-0.0659,47.0,0.5575
denoising,5,0.7,0.6,0.2055,0.2297,-0.0242,0.2409,0.2922,-0.0513,51.0,0.5392
denoising,10,0.7,0.1,0.3201,0.3626,-0.0424,0.3681,0.4053,-0.0372,3.0,0.6983
denoising,10,0.7,0.3,0.3355,0.3327,0.0028,0.3798,0.3805,-0.0007,13.0,0.6798
denoising,10,0.7,0.5,0.2552,0.2578,-0.0026,0.3097,0.3182,-0.0085,30.0,0.6154
denoising,10,0.7,0.6,0.1931,0.2159,-0.0229,0.269,0.278,-0.009,45.0,0.5673
denoising,15,0.7,0.1,0.3444,0.355,-0.0105,0.3707,0.3997,-0.029,2.0,0.6974
denoising,15,0.7,0.3,0.3307,0.356,-0.0253,0.3467,0.3794,-0.0327,11.0,0.6943
denoising,15,0.7,0.5,0.2543,0.2598,-0.0054,0.3213,0.3371,-0.0158,39.0,0.5738
denoising,15,0.7,0.6,0.191,0.1973,-0.0064,0.2413,0.2858,-0.0444,38.0,0.5741
denoising,20,0.7,0.1,0.3306,0.3688,-0.0381,0.3751,0.409,-0.0338,4.0,0.7031
denoising,20,0.7,0.3,0.273,0.3184,-0.0454,0.326,0.3698,-0.0438,15.0,0.686
denoising,20,0.7,0.5,0.2097,0.2536,-0.0439,0.2884,0.3105,-0.0222,23.0,0.6447
denoising,20,0.7,0.6,0.1987,0.1872,0.0115,0.2692,0.281,-0.0118,43.0,0.5537
denoising,25,0.7,0.1,0.4156,0.4189,-0.0033,0.4309,0.4332,-0.0023,4.0,0.7227
denoising,25,0.7,0.3,0.3205,0.3274,-0.0069,0.3662,0.3791,-0.0128,14.0,0.6889
denoising,25,0.7,0.5,0.245,0.2319,0.0131,0.3127,0.3222,-0.0095,33.0,0.6042
denoising,25,0.7,0.6,0.1843,0.1656,0.0187,0.2564,0.2576,-0.0012,43.0,0.5508
denoising,30,0.7,0.1,0.4213,0.4213,0.0001,0.436,0.4374,-0.0015,2.0,0.698
denoising,30,0.7,0.3,0.3121,0.3061,0.0059,0.3467,0.3416,0.005,5.0,0.6986
denoising,30,0.7,0.5,0.2995,0.2566,0.0429,0.347,0.3233,0.0237,30.0,0.6018
denoising,30,0.7,0.6,0.1673,0.1614,0.0059,0.2103,0.2214,-0.011,42.0,0.5611
denoising,1,0.8,0.1,0.3733,0.371,0.0023,0.4121,0.4124,-0.0003,2.0,0.7157
denoising,1,0.8,0.3,0.2779,0.2966,-0.0186,0.33,0.3505,-0.0204,19.0,0.6636
denoising,1,0.8,0.5,0.2801,0.2836,-0.0035,0.3319,0.3558,-0.0239,42.0,0.5582
denoising,1,0.8,0.6,0.2009,0.2258,-0.0249,0.2424,0.277,-0.0346,58.0,0.4592
denoising,3,0.8,0.1,0.4273,0.4304,-0.0031,0.4404,0.4424,-0.002,2.0,0.714
denoising,3,0.8,0.3,0.2955,0.3023,-0.0068,0.3323,0.3499,-0.0176,19.0,0.6761
denoising,3,0.8,0.5,0.1824,0.24,-0.0576,0.2462,0.3216,-0.0754,34.0,0.6008
denoising,3,0.8,0.6,0.1614,0.1526,0.0088,0.2124,0.2373,-0.0249,61.0,0.4834
denoising,5,0.8,0.1,0.3606,0.3698,-0.0091,0.4036,0.4096,-0.006,3.0,0.6933
denoising,5,0.8,0.3,0.2981,0.3371,-0.0391,0.3484,0.3816,-0.0333,12.0,0.6848
denoising,5,0.8,0.5,0.1853,0.2172,-0.0319,0.2405,0.2954,-0.0549,38.0,0.5855
denoising,5,0.8,0.6,0.2084,0.2289,-0.0206,0.2601,0.2981,-0.0381,58.0,0.4957
denoising,10,0.8,0.1,0.3523,0.3543,-0.002,0.3923,0.3943,-0.002,7.0,0.7011
denoising,10,0.8,0.3,0.3506,0.3332,0.0174,0.3865,0.3783,0.0082,19.0,0.6654
denoising,10,0.8,0.5,0.1889,0.1943,-0.0054,0.2487,0.2637,-0.015,39.0,0.5834
denoising,10,0.8,0.6,0.1671,0.1728,-0.0057,0.2376,0.2716,-0.034,57.0,0.5109
denoising,15,0.8,0.1,0.2786,0.3152,-0.0366,0.3442,0.3777,-0.0335,6.0,0.6939
denoising,15,0.8,0.3,0.2718,0.3036,-0.0317,0.311,0.3528,-0.0418,19.0,0.644
denoising,15,0.8,0.5,0.2371,0.2636,-0.0265,0.3092,0.3409,-0.0317,35.0,0.5968
denoising,15,0.8,0.6,0.2143,0.2138,0.0004,0.2738,0.3024,-0.0285,46.0,0.5492
denoising,20,0.8,0.1,0.4141,0.4235,-0.0093,0.429,0.4382,-0.0092,3.0,0.6954
denoising,20,0.8,0.3,0.3225,0.3276,-0.0051,0.3439,0.37,-0.0261,14.0,0.6933
denoising,20,0.8,0.5,0.2466,0.247,-0.0005,0.2956,0.308,-0.0123,35.0,0.6109
denoising,20,0.8,0.6,0.1323,0.1508,-0.0185,0.1828,0.2165,-0.0337,61.0,0.4683
denoising,25,0.8,0.1,0.3555,0.3598,-0.0043,0.3988,0.4022,-0.0034,6.0,0.718
denoising,25,0.8,0.3,0.3853,0.2933,0.092,0.4027,0.3455,0.0572,16.0,0.6815
denoising,25,0.8,0.5,0.2257,0.2772,-0.0515,0.2629,0.3134,-0.0505,42.0,0.5796
denoising,25,0.8,0.6,0.2191,0.2228,-0.0037,0.2758,0.2911,-0.0153,52.0,0.5136
denoising,30,0.8,0.1,0.4202,0.4228,-0.0026,0.4344,0.4381,-0.0037,7.0,0.7122
denoising,30,0.8,0.3,0.3098,0.3287,-0.0188,0.3671,0.3785,-0.0113,13.0,0.6902
denoising,30,0.8,0.5,0.2335,0.2465,-0.013,0.2845,0.307,-0.0225,42.0,0.5688
denoising,30,0.8,0.6,0.2075,0.2258,-0.0183,0.2452,0.2965,-0.0513,51.0,0.5167
denoising,1,0.9,0.1,0.3783,0.3754,0.0029,0.4173,0.4156,0.0017,5.0,0.7125
denoising,1,0.9,0.3,0.2954,0.3537,-0.0583,0.3443,0.3811,-0.0368,20.0,0.6629
denoising,1,0.9,0.5,0.2726,0.2555,0.0171,0.3204,0.3135,0.007,50.0,0.5284
denoising,1,0.9,0.6,0.1315,0.1381,-0.0067,0.161,0.1839,-0.0229,69.0,0.4472
denoising,3,0.9,0.1,0.3562,0.357,-0.0009,0.3993,0.4003,-0.001,5.0,0.7012
denoising,3,0.9,0.3,0.2959,0.336,-0.0401,0.3462,0.383,-0.0369,16.0,0.6668
denoising,3,0.9,0.5,0.1861,0.196,-0.0099,0.2368,0.2868,-0.05,52.0,0.5338
denoising,3,0.9,0.6,0.1595,0.17,-0.0105,0.2142,0.262,-0.0478,62.0,0.4493
denoising,5,0.9,0.1,0.3195,0.324,-0.0045,0.3774,0.384,-0.0066,6.0,0.6837
denoising,5,0.9,0.3,0.3101,0.3453,-0.0351,0.3394,0.3931,-0.0537,19.0,0.6636
denoising,5,0.9,0.5,0.2073,0.2938,-0.0865,0.2474,0.3575,-0.1101,46.0,0.575
denoising,5,0.9,0.6,0.1888,0.2018,-0.013,0.2589,0.2892,-0.0303,63.0,0.4827
denoising,10,0.9,0.1,0.358,0.3629,-0.0049,0.3987,0.4059,-0.0072,4.0,0.6931
denoising,10,0.9,0.3,0.284,0.3582,-0.0742,0.3209,0.3901,-0.0691,19.0,0.6689
denoising,10,0.9,0.5,0.2295,0.2545,-0.025,0.2701,0.3142,-0.0441,37.0,0.5869
denoising,10,0.9,0.6,0.2117,0.2335,-0.0218,0.2569,0.3031,-0.0462,48.0,0.5627
denoising,15,0.9,0.1,0.3855,0.4188,-0.0333,0.4005,0.434,-0.0335,7.0,0.695
denoising,15,0.9,0.3,0.2658,0.2816,-0.0158,0.3268,0.35,-0.0232,21.0,0.6557
denoising,15,0.9,0.5,0.1822,0.2681,-0.0859,0.2421,0.3457,-0.1036,34.0,0.6099
denoising,15,0.9,0.6,0.163,0.177,-0.014,0.2093,0.2339,-0.0246,60.0,0.4894
denoising,20,0.9,0.1,0.3742,0.4324,-0.0583,0.3911,0.4458,-0.0547,8.0,0.7073
denoising,20,0.9,0.3,0.2817,0.3418,-0.0601,0.3093,0.3854,-0.0761,18.0,0.6797
denoising,20,0.9,0.5,0.1801,0.2014,-0.0213,0.2312,0.2827,-0.0515,41.0,0.5857
denoising,20,0.9,0.6,0.1491,0.1567,-0.0075,0.1831,0.2025,-0.0194,58.0,0.4867
denoising,25,0.9,0.1,0.3736,0.3735,0.0001,0.4112,0.4112,0.0,3.0,0.7084
denoising,25,0.9,0.3,0.2352,0.2819,-0.0467,0.2985,0.3491,-0.0506,21.0,0.6622
denoising,25,0.9,0.5,0.1643,0.2167,-0.0524,0.2223,0.2756,-0.0532,38.0,0.5719
denoising,25,0.9,0.6,0.1936,0.2326,-0.039,0.2277,0.2926,-0.0649,60.0,0.4914
denoising,30,0.9,0.1,0.3984,0.4279,-0.0295,0.4116,0.4411,-0.0296,2.0,0.6992
denoising,30,0.9,0.3,0.2652,0.2773,-0.0121,0.3128,0.3487,-0.0359,22.0,0.6493
denoising,30,0.9,0.5,0.1796,0.191,-0.0114,0.2291,0.2509,-0.0218,44.0,0.5394
denoising,30,0.9,0.6,0.1671,0.1638,0.0033,0.2186,0.2133,0.0054,57.0,0.4931
